contig,contig_length,nr_genes,ratio_same_orientation,ID_general_avg,ID_general_std,gene_density,gene_length,ID_Q1,ID_Q3,rbs_ratio
contig_1,7010,10,0.4444444444444444,114.66666666666667,164.1503375973785,0.7950071326676177,557.3,0.0,148.0,0.19999999999999996
contig_100,20561,26,0.56,235.8,288.48833598604983,0.7158698506881961,566.1153846153846,3.0,410.0,0.6923076923076923
contig_101,6144,8,0.8571428571428571,168.57142857142858,188.54317970227643,0.7667643229166666,588.875,11.5,277.0,0.25
contig_102,12453,20,0.8947368421052632,242.68421052631578,236.40532824870238,0.6107765197141252,380.3,49.5,290.5,0.7
contig_103,9820,9,0.875,514.5,428.3085920221541,0.47657841140529533,520.0,180.75,709.5,0.7777777777777778
contig_104,21635,31,0.6333333333333333,138.5,228.77539931848733,0.808920730298128,564.5483870967741,0.0,162.75,0.5483870967741935
contig_105,14729,21,0.8,191.15,203.34755346450572,0.7477086020775341,524.4285714285714,19.0,301.75,0.6666666666666667
contig_106,87061,111,0.7909090909090909,196.4090909090909,234.71790788304105,0.7510596018883312,589.081081081081,23.0,291.5,0.7927927927927928
contig_107,6203,5,0.75,704.0,497.2212787079813,0.5418345961631469,672.2,500.0,870.0,0.4
contig_108,29150,36,0.6571428571428571,182.85714285714286,174.1661182167584,0.7825728987993139,633.6666666666666,51.5,240.0,0.7777777777777778
contig_109,10304,11,1.0,109.5,90.17233500359187,0.8703416149068323,815.2727272727273,7.25,179.0,0.0
contig_110,65567,81,0.8125,238.6875,314.0176982970068,0.7082831302331966,573.3333333333334,22.5,329.75,0.7037037037037037
contig_111,8722,12,0.7272727272727273,186.54545454545453,242.50374453954828,0.7463884430176565,542.5,15.5,172.5,0.5
contig_112,23584,34,0.7878787878787878,93.93939393939394,111.56271218981655,0.8379833785617368,581.2647058823529,5.0,136.0,0.6176470588235294
contig_113,51439,72,0.7323943661971831,176.0281690140845,221.09796259952643,0.751122689010284,536.625,1.5,281.5,0.7083333333333333
contig_114,8748,10,0.6666666666666666,177.77777777777777,195.33661986869845,0.8054412437128486,704.6,61.0,147.0,0.5
contig_115,16496,17,0.75,282.3125,407.1742131370183,0.6076624636275461,589.6470588235294,4.5,318.0,0.8823529411764706
contig_117,12567,17,0.8125,365.0,413.89884029796457,0.5259807432163603,388.8235294117647,97.25,474.0,0.8235294117647058
contig_118,51252,56,0.7090909090909091,186.8909090909091,306.6157602974934,0.8083782096308437,739.8392857142857,10.5,255.5,0.8035714285714286
contig_119,13512,23,0.8181818181818182,60.90909090909091,85.47456245249977,0.9139283599763174,536.9130434782609,0.0,111.0,0.5217391304347826
contig_120,15257,20,0.631578947368421,138.21052631578948,158.3053607987352,0.8235564003408271,628.25,11.5,215.0,0.75
contig_121,35864,57,0.625,202.875,310.9025491842833,0.6898561231318313,434.05263157894734,4.5,252.5,0.5789473684210527
contig_122,27392,41,0.75,219.025,264.6754132423335,0.678081191588785,453.0243902439024,36.75,285.75,0.6585365853658536
contig_123,7654,12,0.9090909090909091,220.8181818181818,432.14009053921353,0.6639665534361119,423.5,0.0,139.5,0.25
contig_124,18769,33,0.6875,153.21875,199.98480166862055,0.7454845756300282,424.0,0.0,228.25,0.6363636363636364
contig_125,20732,29,0.6785714285714286,223.96428571428572,254.32971880483598,0.6843526914914142,489.2413793103448,23.5,308.75,0.6206896551724138
contig_126,75411,86,0.7411764705882353,209.2941176470588,332.07500299248176,0.7729774170876927,677.8023255813954,5.0,259.0,0.7325581395348837
contig_127,12982,20,0.7894736842105263,108.63157894736842,132.65595014183586,0.7173779078724387,465.65,0.0,146.0,0.6
contig_128,12923,24,0.6521739130434783,142.17391304347825,136.29751733804315,0.7475044494312466,402.5,52.0,175.5,0.7916666666666666
contig_129,12858,21,0.8,141.65,172.89195325404822,0.7529164722351843,461.0,13.75,215.25,0.6666666666666667
contig_13,110593,144,0.7412587412587412,184.36363636363637,235.44709872934,0.7624171511759333,585.5416666666666,5.0,290.0,0.6805555555555556
contig_130,19781,26,0.52,189.84,188.75649498758975,0.7641170820484303,581.3461538461538,32.0,286.0,0.6153846153846154
contig_131,19616,23,0.7727272727272727,184.04545454545453,296.6961220558422,0.7739090538336052,660.0434782608696,0.0,270.25,0.6086956521739131
contig_132,24350,39,0.5789473684210527,194.60526315789474,217.7189810492904,0.7107597535934291,443.7692307692308,20.0,294.75,0.0
contig_133,12009,16,0.6666666666666666,188.2,217.2777638569273,0.7640935964693146,573.5,24.5,261.0,0.9375
contig_134,12097,18,0.7647058823529411,153.8235294117647,180.9784632276701,0.7315863437215838,491.6666666666667,42.0,180.0,0.7777777777777778
contig_135,10208,12,0.7272727272727273,274.6363636363636,245.04666447147378,0.6215713166144201,528.75,26.5,391.5,0.41666666666666663
contig_136,43853,60,0.711864406779661,219.96610169491527,245.98738882526965,0.7020272273276629,513.1,23.5,363.5,0.2666666666666667
contig_137,5433,12,0.36363636363636365,95.54545454545455,105.60248244014277,0.8299282164549973,375.75,0.0,183.0,0.0
contig_138,10764,18,0.8823529411764706,244.88235294117646,367.81659150002866,0.612597547380156,366.3333333333333,30.0,290.0,0.5555555555555556
contig_139,13154,15,0.7142857142857143,93.42857142857143,127.63212441886826,0.9051999391819979,793.8,21.75,116.25,0.5333333333333333
contig_14,98517,129,0.7109375,215.21875,284.21146224851225,0.726026980115107,554.4651162790698,19.5,271.0,0.7364341085271318
contig_140,32545,40,0.8461538461538461,247.30769230769232,325.13383073673884,0.6790597634045168,552.5,8.0,396.5,0.19999999999999996
contig_141,10256,17,0.5,128.75,173.53079697851905,0.8077223088923557,487.29411764705884,41.25,131.5,0.0
contig_142,10650,19,0.8333333333333334,149.55555555555554,215.2944294635249,0.7469483568075117,418.6842105263158,7.5,191.0,0.5263157894736843
contig_143,32583,49,0.6875,234.91666666666666,343.2089277037466,0.6561703956050702,436.3265306122449,14.0,295.75,0.6938775510204082
contig_144,8025,16,0.6666666666666666,136.53333333333333,145.91589662846502,0.7258566978193146,364.0625,22.5,210.0,0.0
contig_145,6698,10,0.4444444444444444,308.8888888888889,351.78669182220335,0.565989847715736,379.1,38.0,354.0,0.8
contig_146,8027,12,0.6363636363636364,115.54545454545455,141.28846291210797,0.863336240189361,577.5,0.0,144.5,0.5833333333333333
contig_147,17708,20,0.631578947368421,281.4736842105263,434.52592054245594,0.7115992771628642,630.05,0.0,349.0,0.5
contig_148,7113,9,0.625,295.75,334.42702866245725,0.6668072543230704,527.0,44.25,407.25,0.5555555555555556
contig_149,47887,54,0.7169811320754716,160.26415094339623,245.7807852034461,0.8281997201745777,734.4444444444445,0.0,197.0,0.6481481481481481
contig_15,73597,77,0.7368421052631579,225.85526315789474,367.5392461660376,0.7410764025707569,708.3246753246754,23.75,326.0,0.7532467532467533
contig_150,21250,45,0.7045454545454546,88.79545454545455,116.67682241315003,0.8354823529411765,394.53333333333336,0.0,125.75,0.0
contig_151,15770,19,0.5555555555555556,214.0,208.53137253980117,0.7214965123652505,598.8421052631579,28.25,388.0,0.6842105263157895
contig_152,15250,24,0.7391304347826086,226.1304347826087,232.21828268431932,0.662360655737705,420.875,50.0,421.0,0.625
contig_153,57855,76,0.8266666666666667,172.49333333333334,203.5539812651398,0.7867600034569182,598.921052631579,8.0,275.0,0.6973684210526316
contig_154,8287,14,0.6153846153846154,117.15384615384616,140.32590974850496,0.7683118136840835,454.7857142857143,0.0,272.0,0.9285714285714286
contig_156,16423,25,0.875,238.91666666666666,334.33577391930737,0.6593801376118857,433.16,9.25,287.75,0.56
contig_158,11293,10,0.8888888888888888,153.88888888888889,151.31970896412554,0.8531833879394315,963.5,0.0,273.0,0.7
contig_16,32836,51,0.64,118.24,142.03711627599316,0.8129492020952613,523.4117647058823,11.5,148.25,0.0
contig_160,8498,12,0.8181818181818182,230.0,167.20863396585497,0.6922805365968463,490.25,126.0,273.5,0.5833333333333333
contig_161,16554,26,0.76,101.4,124.85896043136032,0.8307961821916153,528.9615384615385,15.0,144.0,0.8076923076923077
contig_162,10331,17,0.875,149.5,256.13521819538994,0.7751427741748137,471.05882352941177,9.75,133.5,0.23529411764705888
contig_163,15636,23,0.8181818181818182,175.45454545454547,195.46116267868274,0.6886671783064723,468.17391304347825,37.75,222.25,0.7391304347826086
contig_164,25983,48,0.7446808510638298,134.40425531914894,220.0256909152732,0.773236346842166,418.5625,0.0,174.0,0.3125
contig_165,78311,108,0.8037383177570093,195.50467289719626,292.1695952834082,0.7394363499380674,536.1666666666666,17.0,266.0,0.6759259259259259
contig_166,23659,37,0.8611111111111112,185.52777777777777,238.66544297999974,0.716260196965214,458.0,25.75,291.25,0.6756756756756757
contig_167,19445,25,0.8333333333333334,278.5416666666667,561.5240406820432,0.6382103368475186,496.4,34.0,305.75,0.92
contig_168,6389,10,0.3333333333333333,150.55555555555554,113.0045339415991,0.7675692596650493,490.4,78.0,253.0,0.8
contig_169,14411,18,0.6470588235294118,324.7647058823529,346.2206928623562,0.5926722642425925,474.5,36.0,490.0,0.7222222222222222
contig_17,5749,8,0.5714285714285714,78.28571428571429,58.34066037560103,0.9024178117933553,648.5,20.5,123.5,0.5
contig_170,8804,8,0.8571428571428571,183.71428571428572,183.802467172711,0.8322353475692867,915.875,34.0,334.0,0.625
contig_171,15372,23,0.5909090909090909,215.0,275.23791361458376,0.6989331251626334,467.1304347826087,0.0,314.5,0.782608695652174
contig_172,9145,13,0.8333333333333334,256.1666666666667,174.2114774889671,0.6658283214871514,468.38461538461536,124.5,393.0,0.15384615384615385
contig_173,7867,9,0.625,161.75,167.0664164337046,0.6414134994279903,560.6666666666666,52.5,210.25,0.6666666666666667
contig_174,5195,8,1.0,207.71428571428572,241.85811323744238,0.7255052935514918,471.125,27.0,250.0,0.0
contig_175,10043,16,0.7333333333333333,212.06666666666666,261.6033808819926,0.6543861395997213,410.75,41.5,214.0,0.625
contig_176,15674,23,0.7727272727272727,136.72727272727272,186.1715196015325,0.8202118157458211,558.9565217391304,0.0,211.0,0.4782608695652174
contig_177,30741,54,0.7358490566037735,158.24528301886792,283.7571979411456,0.7343612764711623,418.05555555555554,11.0,179.0,0.0
contig_178,8825,14,0.7692307692307693,198.53846153846155,227.12538569786153,0.5984135977337111,377.2142857142857,24.0,306.0,0.6428571428571428
contig_179,11667,17,0.6875,231.75,235.75424174338835,0.6817519499442873,467.88235294117646,10.25,389.75,0.7647058823529411
contig_18,5929,8,0.7142857142857143,153.71428571428572,193.25239919834988,0.5000843312531624,370.625,0.0,205.5,0.625
contig_180,9587,17,0.8125,125.1875,175.03186093894448,0.7936789402315636,447.5882352941176,0.0,173.0,0.8823529411764706
contig_181,14528,21,0.5,191.45,262.640338676297,0.7421530837004405,513.4285714285714,0.0,203.75,0.33333333333333337
contig_182,8003,9,0.75,481.375,355.79134949433495,0.41047107334749466,365.0,88.75,725.75,0.0
contig_183,7200,9,0.625,261.875,296.8351552208734,0.6941666666666667,555.3333333333334,63.0,333.75,0.6666666666666667
contig_185,23489,27,0.9230769230769231,195.92307692307693,233.48775673336428,0.7899442292136745,687.2222222222222,2.25,296.0,0.5555555555555556
contig_186,10074,18,0.8823529411764706,164.7058823529412,204.80859492129036,0.7298987492555092,408.5,0.0,209.0,0.6111111111111112
contig_187,25856,32,0.8064516129032258,239.29032258064515,374.8136907979395,0.716506806930693,578.9375,7.0,235.5,0.59375
contig_188,25349,54,0.8113207547169812,117.52830188679245,183.82401384728743,0.7564795455442029,355.1111111111111,0.0,155.0,0.6111111111111112
contig_189,12819,17,0.5,264.5,240.09815701083588,0.6733754583040799,507.7647058823529,61.25,488.5,0.6470588235294117
contig_190,19806,28,0.7777777777777778,174.55555555555554,203.6184400681885,0.7412400282742603,524.3214285714286,2.0,228.0,0.7142857142857143
contig_191,7357,11,0.7,154.2,129.79969183322433,0.7231208372978116,483.6363636363636,65.5,259.75,0.4545454545454546
contig_192,13594,16,0.7333333333333333,115.0,126.68070097690493,0.8919376195380315,757.8125,2.5,245.5,0.625
contig_194,18398,34,0.6666666666666666,135.5151515151515,199.2966604369995,0.7702467659528209,416.79411764705884,14.0,139.0,0.11764705882352944
contig_195,12705,15,0.7142857142857143,192.78571428571428,283.2631735863384,0.7886658795749705,668.0,0.0,308.75,0.6666666666666667
contig_196,25104,33,0.78125,269.375,335.5160903369613,0.6596558317399618,501.8181818181818,7.5,455.0,0.7878787878787878
contig_197,13411,22,0.8571428571428571,141.38095238095238,149.05782712646928,0.7542316009246142,459.77272727272725,32.0,237.0,0.8181818181818181
contig_198,65493,107,0.8113207547169812,185.11320754716982,225.37366543330592,0.707953521750416,433.32710280373834,12.0,307.0,0.7383177570093458
contig_2,20420,31,0.7,157.33333333333334,202.57300467293814,0.7752203721841332,510.64516129032256,2.0,256.0,0.6129032258064516
contig_20,11267,16,0.8,229.06666666666666,313.3525100514683,0.6527913375343924,459.6875,1.5,278.0,0.625
contig_201,14190,13,0.9166666666666666,178.91666666666666,146.05618686732248,0.8132487667371389,887.6923076923077,55.5,266.75,0.7692307692307692
contig_202,6657,11,0.9,62.2,95.99145795329916,0.8284512543187622,501.3636363636364,0.75,73.25,0.36363636363636365
contig_203,17413,21,0.85,253.5,314.54101481364876,0.6889680124045253,571.2857142857143,72.5,356.0,0.7142857142857143
contig_204,12107,28,0.8148148148148148,132.1851851851852,219.29010668890734,0.7395721483439333,319.7857142857143,0.0,185.0,0.6785714285714286
contig_205,17401,22,0.7619047619047619,259.57142857142856,247.96362471877495,0.6871444169875295,543.5,36.0,400.0,0.6818181818181819
contig_206,9793,17,0.75,92.125,107.9785134876379,0.8419279076891657,485.0,0.0,198.25,0.7647058823529411
contig_207,36896,47,0.6521739130434783,214.04347826086956,265.044701440747,0.7347408933217693,576.7872340425532,4.25,245.0,0.7872340425531915
contig_208,6786,10,0.5555555555555556,64.11111111111111,52.60850046321083,0.8243442381373416,559.4,27.0,70.0,0.6
contig_21,69092,84,0.7469879518072289,203.26506024096386,287.5449921562763,0.7592051178139293,624.4642857142857,16.0,246.5,0.75
contig_210,25324,33,0.75,200.34375,184.59729977964872,0.7297425367240562,560.0,30.0,376.75,0.6060606060606061
contig_211,27704,41,0.7,161.5,227.0881987246365,0.7627057464626047,515.3658536585366,17.75,188.0,0.6341463414634146
contig_213,25449,42,0.8292682926829268,109.95121951219512,117.42085060605453,0.82753742779677,501.42857142857144,9.0,170.0,0.6904761904761905
contig_214,19388,22,0.7619047619047619,341.8095238095238,404.55355982420906,0.5549824633794099,489.09090909090907,66.0,620.0,0.6363636363636364
contig_215,15837,23,0.7727272727272727,214.45454545454547,228.12790018534602,0.6981120161646777,480.69565217391306,19.5,318.0,0.13043478260869568
contig_216,19827,27,0.6153846153846154,170.80769230769232,176.6835544196654,0.787562414888788,578.3333333333334,5.0,262.5,0.6296296296296297
contig_217,10963,19,0.7777777777777778,123.16666666666667,150.37813449213064,0.8203046611329016,473.3157894736842,2.25,155.5,0.8421052631578947
contig_218,18787,28,0.8888888888888888,204.44444444444446,222.3019856850275,0.7065524032575717,474.07142857142856,44.5,329.0,0.5714285714285714
contig_22,11075,17,0.75,131.625,145.37747203401221,0.7699322799097066,501.5882352941176,19.75,211.25,0.9411764705882353
contig_221,23442,38,0.8648648648648649,100.56756756756756,127.41919337379758,0.8514631857350056,525.2631578947369,0.0,153.0,0.6052631578947368
contig_222,15891,23,0.7272727272727273,206.13636363636363,198.33449602640886,0.724246428796174,500.39130434782606,48.25,321.0,0.6086956521739131
contig_223,7187,13,0.75,133.58333333333334,166.86594336639084,0.7616529845554474,421.0769230769231,0.0,232.75,0.6153846153846154
contig_224,14307,23,0.8636363636363636,215.8181818181818,234.10402434575113,0.605228209967149,376.4782608695652,20.25,310.0,0.6086956521739131
contig_225,19426,28,0.7777777777777778,162.4814814814815,224.32225007628355,0.7852362812725213,544.7857142857143,0.0,216.0,0.6785714285714286
contig_226,5111,5,0.5,194.0,228.2684822747109,0.7274505967521033,743.6,9.0,290.5,0.19999999999999996
contig_227,5306,7,0.8333333333333334,264.6666666666667,279.8741780792854,0.6121372031662269,464.0,49.5,485.5,0.7142857142857143
contig_228,10247,13,0.5833333333333334,138.0,272.5487723937375,0.867961354542793,684.1538461538462,0.0,81.0,0.6923076923076923
contig_229,18853,25,0.5416666666666666,181.70833333333334,181.35013996104024,0.6698668646899698,505.16,6.75,335.75,0.72
contig_23,5411,7,0.5,243.16666666666666,273.4236131394328,0.7299944557383109,564.2857142857143,83.75,275.5,0.7142857142857143
contig_230,8022,12,0.7272727272727273,134.27272727272728,138.97683973767386,0.8152580403889305,545.0,76.0,153.0,0.6666666666666667
contig_231,32085,44,0.6744186046511628,191.11627906976744,224.3449595996812,0.752345332709989,548.6136363636364,21.0,272.0,0.75
contig_232,12702,18,0.8823529411764706,129.41176470588235,146.24840223301362,0.7510628247520076,530.0,22.0,166.0,0.6111111111111112
contig_233,8659,14,0.7692307692307693,172.53846153846155,189.534496711778,0.6729414482041807,416.2142857142857,0.0,281.0,0.0714285714285714
contig_234,11052,12,0.36363636363636365,500.09090909090907,707.3580107497907,0.502442996742671,462.75,47.5,595.5,0.5833333333333333
contig_235,5788,7,0.8333333333333334,424.8333333333333,331.19753253240816,0.5295438838977194,437.85714285714283,155.75,593.25,0.1428571428571429
contig_236,22533,18,0.6470588235294118,383.7647058823529,491.00000352363304,0.700572493675942,877.0,76.0,643.0,0.0
contig_237,31309,37,0.7222222222222222,288.6666666666667,337.6038934741258,0.656999584783928,555.9459459459459,13.0,533.25,0.6216216216216216
contig_238,23475,36,0.7142857142857143,94.88571428571429,129.82180565871744,0.8750159744408945,570.5833333333334,0.0,127.0,0.7222222222222222
contig_239,29617,33,0.625,269.34375,329.1731696021678,0.7086470608096701,636.0,0.75,460.75,0.48484848484848486
contig_24,11644,24,0.8260869565217391,133.56521739130434,180.28548039801777,0.7046547578151838,341.875,18.0,178.0,0.7083333333333333
contig_240,7526,13,1.0,122.25,106.12659500175565,0.7847462131278236,454.3076923076923,12.75,190.5,0.7692307692307692
contig_241,34399,56,0.7636363636363637,171.92727272727274,320.2199161681606,0.7293816680717463,448.0357142857143,27.0,185.5,0.6428571428571428
contig_242,8406,12,0.7272727272727273,163.8181818181818,137.85355746510544,0.7751605995717344,543.0,32.5,241.0,0.8333333333333334
contig_243,29593,28,0.5925925925925926,405.48148148148147,603.7873902459602,0.6312303585307336,667.1428571428571,75.0,489.5,0.75
contig_244,29016,53,0.6923076923076923,109.5576923076923,163.68631039295613,0.8157912875654811,446.62264150943395,0.0,165.75,0.6981132075471699
contig_246,100564,120,0.6722689075630253,186.23529411764707,206.4553060015024,0.7831729048168331,656.325,23.5,274.0,0.7833333333333333
contig_247,8134,15,0.6428571428571429,88.21428571428571,120.50855249520589,0.8361199901647406,453.4,0.0,148.75,0.6666666666666667
contig_248,34146,51,0.64,189.5,225.0497056207806,0.7190300474433315,481.4117647058824,5.0,295.25,0.2941176470588235
contig_25,18747,24,0.8695652173913043,294.5217391304348,336.94005008828674,0.6385021603456553,498.75,55.0,336.5,0.7916666666666666
contig_250,31023,36,0.6285714285714286,218.45714285714286,240.90179894449497,0.7620152789865584,656.6666666666666,25.5,323.5,0.19444444444444442
contig_251,8634,10,0.6666666666666666,185.88888888888889,291.0370134705834,0.7726430391475562,667.1,2.0,173.0,0.8
contig_253,7414,12,0.7272727272727273,163.45454545454547,130.6009631290977,0.6195036417588347,382.75,26.0,251.0,0.8333333333333334
contig_254,10615,18,0.5294117647058824,148.1764705882353,163.66401569863203,0.7788977861516722,459.3333333333333,49.0,189.0,0.0
contig_255,31331,33,0.71875,332.625,443.9952667258965,0.5481791197216814,520.4545454545455,38.75,380.75,0.696969696969697
contig_256,35706,47,0.8478260869565217,150.41304347826087,200.36776796322138,0.7936761328628241,602.9574468085107,11.75,213.5,0.6808510638297872
contig_257,8274,13,0.6666666666666666,156.08333333333334,189.08351696773806,0.7580372250423012,482.46153846153845,0.0,276.75,0.6153846153846154
contig_258,43989,66,0.676923076923077,169.30769230769232,207.359585341831,0.7533246948100661,502.09090909090907,21.0,233.0,0.18181818181818177
contig_259,6644,10,0.8888888888888888,204.77777777777777,220.09128297028525,0.7186935580975317,477.5,12.0,315.0,0.6
contig_26,15996,29,0.6785714285714286,174.96428571428572,188.51306929737888,0.6975493873468367,384.7586206896552,1.5,299.0,0.4482758620689655
contig_260,11783,15,0.42857142857142855,420.7857142857143,644.259616988084,0.46439786132563865,364.8,83.5,469.5,0.8666666666666667
contig_261,18967,31,0.8,196.6,230.47785143045743,0.7009542890283124,428.8709677419355,0.75,340.0,0.5806451612903225
contig_262,55465,70,0.6376811594202898,198.1159420289855,221.58974602393758,0.7599747588569368,602.1714285714286,32.0,271.0,0.6142857142857143
contig_263,70056,83,0.6341463414634146,230.609756097561,243.09672651313903,0.7257336987552815,612.5542168674699,60.25,329.25,0.7831325301204819
contig_264,8589,7,1.0,748.6666666666666,1085.6918940882304,0.4818954476656188,591.2857142857143,163.0,570.75,0.4285714285714286
contig_265,27728,45,0.8181818181818182,211.0681818181818,278.1053101489755,0.6704774956722447,413.1333333333333,9.25,272.25,0.6666666666666667
contig_266,10378,15,0.7142857142857143,217.85714285714286,226.39089366556655,0.6530159953748313,451.8,3.25,388.75,0.7333333333333334
contig_267,47811,55,0.7222222222222222,285.6296296296296,398.1237150125805,0.6605802012089268,574.2363636363636,42.25,360.25,0.6909090909090909
contig_268,18207,22,0.7142857142857143,256.0952380952381,325.34376028790933,0.668753776020212,553.4545454545455,32.0,303.0,0.7727272727272727
contig_269,5041,9,0.75,90.125,61.58822432088784,0.855187462804999,479.0,54.0,122.5,0.8888888888888888
contig_270,17777,22,0.7142857142857143,282.57142857142856,339.376539221776,0.6695730438206672,541.0454545454545,55.0,322.0,0.7727272727272727
contig_271,8307,16,0.8,98.2,119.67856951016753,0.8424220536896593,437.375,0.0,155.0,0.8125
contig_272,18603,24,0.8695652173913043,273.60869565217394,299.4466983317347,0.6542493146266731,507.125,13.5,466.5,0.7083333333333333
contig_273,105482,135,0.7164179104477612,213.8507462686567,291.4867577817724,0.736277279535845,575.2888888888889,14.0,325.0,0.6962962962962963
contig_274,5881,6,0.6,98.0,89.88214505673527,0.7855806835572181,770.0,0.0,129.0,0.5
contig_275,17741,24,0.43478260869565216,164.34782608695653,184.4982876545146,0.8005185727974747,591.75,35.5,222.0,0.6666666666666667
contig_276,16237,20,0.6842105263157895,234.05263157894737,355.32912447982807,0.6524604298823674,529.7,10.0,271.5,0.09999999999999998
contig_277,9338,10,0.7777777777777778,439.3333333333333,489.96326392904194,0.5807453416149069,542.3,5.0,812.0,0.7
contig_278,7001,6,0.6,383.0,248.05563891998102,0.722468218825882,843.0,111.0,638.0,0.33333333333333337
contig_279,14499,20,0.5789473684210527,241.89473684210526,262.0847381521846,0.6849437892268432,496.55,24.5,443.0,0.65
contig_28,37081,45,0.8863636363636364,200.8181818181818,331.24443547485873,0.7512742374801111,619.0666666666667,12.0,195.0,0.6888888888888889
contig_280,18437,29,0.7857142857142857,171.75,222.6022437635601,0.7313011878288225,464.9310344827586,3.75,351.25,0.6551724137931034
contig_281,30313,50,0.5918367346938775,117.75510204081633,134.37178557898034,0.8189885527661399,496.52,15.0,169.0,0.0
contig_282,24472,43,0.5714285714285714,129.16666666666666,239.24095411735868,0.7955622752533508,452.7674418604651,4.25,173.75,0.0
contig_283,17210,23,0.7727272727272727,143.27272727272728,195.15103284337164,0.8214410226612434,614.6521739130435,0.75,190.75,0.782608695652174
contig_284,12549,20,0.5789473684210527,84.05263157894737,154.03945963503554,0.8858076340744282,555.8,0.0,97.5,0.0
contig_285,12654,21,0.95,125.4,176.4274355081998,0.8048838311996207,485.0,4.25,154.75,0.8095238095238095
contig_286,9907,12,0.8181818181818182,314.6363636363636,431.6432181427099,0.6537801554456445,539.75,35.0,365.5,0.08333333333333337
contig_287,11454,19,0.7222222222222222,195.72222222222223,198.45900935725172,0.6921599441243234,417.2631578947368,57.5,284.75,0.5789473684210527
contig_288,14079,16,1.0,362.46666666666664,352.314796106487,0.5066410966687975,445.8125,37.0,513.0,0.8125
contig_289,26573,35,0.7058823529411765,212.6764705882353,414.9354110325121,0.7340909946185978,557.3428571428572,6.0,191.5,0.8857142857142857
contig_29,8729,12,0.8181818181818182,238.27272727272728,377.4522464459676,0.6629625386642227,482.25,20.0,194.5,0.5
contig_290,6132,11,0.8,211.2,313.548337581305,0.645955642530985,360.09090909090907,35.25,238.75,0.8181818181818181
contig_291,27531,37,0.7222222222222222,188.41666666666666,244.7661440595447,0.733536740401729,545.8108108108108,0.0,332.5,0.5675675675675675
contig_292,6020,6,0.4,588.6,427.04313599448005,0.5102990033222591,512.0,271.0,1037.0,0.5
contig_293,50342,50,0.7346938775510204,196.0,225.76681124829773,0.7999880815223869,805.46,21.0,314.0,0.74
contig_294,8015,17,0.75,149.9375,198.78049097874268,0.6970679975046787,328.6470588235294,42.75,149.5,0.5882352941176471
contig_295,5802,9,0.5,75.875,89.02869972654885,0.8779731127197518,566.0,0.0,167.25,0.7777777777777778
contig_296,5438,10,0.5555555555555556,262.55555555555554,398.1647093885508,0.5134240529606473,279.2,3.0,256.0,1.0
contig_297,7440,10,0.4444444444444444,141.66666666666666,109.28555866780081,0.8143817204301075,605.9,16.0,200.0,0.7
contig_298,12834,19,0.6666666666666666,301.5,354.9892408385233,0.5534517687392863,373.8421052631579,36.25,406.5,0.5789473684210527
contig_299,11955,25,0.6666666666666666,87.54166666666667,131.87967342956568,0.8626516102049352,412.52,0.0,153.0,0.6
contig_30,16325,22,0.9047619047619048,237.33333333333334,326.36327018674166,0.6442266462480858,478.04545454545456,19.0,350.0,0.31818181818181823
contig_300,36036,37,0.6944444444444444,550.6388888888889,631.5380323190616,0.44103119103119104,429.5405405405405,137.75,776.25,0.8108108108108107
contig_301,17334,17,0.625,333.0,273.8571708025919,0.5524979808468905,563.3529411764706,28.25,526.75,0.47058823529411764
contig_302,29543,32,0.7741935483870968,221.83870967741936,220.667915257614,0.7451849845987205,687.96875,24.5,327.0,0.6875
contig_303,10206,16,0.6,226.66666666666666,340.3409401696416,0.6086615716245346,388.25,17.5,208.5,0.75
contig_305,17598,27,0.7307692307692307,141.19230769230768,118.28844121656091,0.7942379815888169,517.6666666666666,37.25,243.75,0.7407407407407407
contig_306,21985,34,0.696969696969697,206.0,180.52213832170952,0.6825108028201046,441.3235294117647,29.0,383.0,0.8235294117647058
contig_307,16528,22,0.9523809523809523,124.52380952380952,156.65297378285337,0.840513068731849,631.4545454545455,0.0,189.0,0.40909090909090906
contig_308,42802,61,0.6833333333333333,156.71666666666667,212.1562389424884,0.7765758609410776,544.9016393442623,7.75,210.0,0.11475409836065575
contig_31,7864,13,0.75,79.08333333333333,79.47898918721992,0.8666073245167853,524.2307692307693,0.0,132.5,0.46153846153846156
contig_310,7275,10,0.5555555555555556,185.33333333333334,104.1345283755585,0.6864604810996564,499.4,109.0,210.0,0.8
contig_311,12117,15,0.5714285714285714,277.2857142857143,317.07399509790605,0.6796236692250557,549.0,37.25,461.0,0.2666666666666667
contig_312,13893,30,0.7931034482758621,83.51724137931035,122.79829850827716,0.8350248326495358,386.7,2.0,108.0,0.8666666666666667
contig_313,9233,14,0.6923076923076923,152.3846153846154,103.82421420661609,0.785118596339218,517.7857142857143,88.0,212.0,0.4285714285714286
contig_314,18143,20,0.5789473684210527,242.89473684210526,266.9332451020671,0.7307501515736097,662.9,2.5,463.5,0.65
contig_315,16427,27,0.7692307692307693,212.80769230769232,251.62090215712777,0.6512449016862483,396.22222222222223,38.5,319.5,0.7777777777777778
contig_316,10938,20,0.42105263157894735,84.6842105263158,104.27950933180495,0.8596635582373378,470.15,6.0,136.0,0.44999999999999996
contig_317,39727,59,0.7413793103448276,170.51724137931035,215.03329665019805,0.7575955899010748,510.1186440677966,18.0,213.25,0.5423728813559322
contig_318,13559,23,0.6818181818181818,197.6818181818182,181.18056948892334,0.6724684711261892,396.4347826086956,30.75,340.75,0.7391304347826086
contig_32,6796,9,0.875,302.75,553.7616251601405,0.6484696880517952,489.6666666666667,18.75,237.25,0.0
contig_320,79492,100,0.7777777777777778,148.03030303030303,196.33652076156557,0.8185603582750466,650.69,9.0,212.5,0.74
contig_321,12897,15,0.7142857142857143,276.92857142857144,558.0154202024111,0.6673645033728774,573.8,0.0,304.25,0.0
contig_322,17435,27,0.7307692307692307,162.8846153846154,192.99348871500956,0.7607112130771436,491.22222222222223,2.5,303.5,0.7407407407407407
contig_323,18400,25,0.7916666666666666,214.95833333333334,269.70794067637104,0.7308695652173913,537.92,0.0,326.5,0.56
contig_324,40531,55,0.6481481481481481,123.66666666666667,166.92568761333646,0.8437739014581431,621.8,0.0,136.5,0.0
contig_325,9622,17,0.5625,139.0,135.3610911599046,0.7851797963001454,444.4117647058824,6.0,220.5,0.7647058823529411
contig_326,8585,17,0.75,92.625,145.69869379991025,0.8366919044845661,422.52941176470586,13.5,105.75,0.6470588235294117
contig_327,33194,33,0.5625,225.25,245.12815525761212,0.7852021449659577,789.8181818181819,45.5,335.25,0.7272727272727273
contig_328,8535,16,0.7333333333333333,163.46666666666667,187.09921313451736,0.7134153485647334,380.5625,3.5,299.0,0.0
contig_329,10429,14,0.7692307692307693,305.53846153846155,266.8752561907227,0.6099338383354109,454.35714285714283,47.0,551.0,0.5
contig_33,12124,16,0.8,255.8,350.02137077612844,0.6922632794457275,524.5625,10.5,240.5,0.625
contig_330,22882,40,0.717948717948718,171.33333333333334,206.9842473051479,0.6606065903330128,377.9,19.0,232.0,0.6
contig_331,10024,18,0.7647058823529411,146.94117647058823,195.2532203811352,0.7320430965682362,407.6666666666667,0.0,247.0,0.8888888888888888
contig_332,17472,29,0.7142857142857143,225.57142857142858,262.7924804006044,0.6192193223443223,373.0689655172414,19.5,339.75,0.5517241379310345
contig_333,32168,45,0.5454545454545454,173.75,246.97424644908003,0.7580203929370803,541.8666666666667,20.0,236.0,0.7777777777777778
contig_334,5941,7,0.6666666666666666,178.5,172.5115938132855,0.7264770240700219,616.5714285714286,57.5,211.75,0.4285714285714286
contig_335,34447,45,0.8181818181818182,158.27272727272728,172.90175397874256,0.8034081342352019,615.0,5.5,265.25,0.6888888888888889
contig_336,5018,7,0.5,227.16666666666666,115.2120026540445,0.6909127142287764,495.2857142857143,129.25,305.25,1.0
contig_337,19453,26,0.68,229.92,221.2882138750277,0.6918727188608441,517.6538461538462,73.0,309.0,0.7692307692307692
contig_338,5905,10,0.3333333333333333,140.77777777777777,160.5758925989534,0.733446232006774,433.1,70.0,94.0,0.0
contig_339,9381,16,0.7333333333333333,159.53333333333333,250.2014832534416,0.7450165227587677,436.8125,14.0,144.0,0.0
contig_34,7602,10,0.7777777777777778,110.66666666666667,97.25224933131366,0.8487240199947382,645.2,11.0,173.0,0.8
contig_340,23187,26,0.64,222.92,305.96325531017607,0.7135895113641264,636.3846153846154,0.0,287.0,0.5384615384615384
contig_341,11002,17,0.9375,254.75,310.4535995925961,0.5331757862206872,345.05882352941177,9.75,256.25,0.7647058823529411
contig_342,33106,44,0.6744186046511628,193.7674418604651,217.08564778642383,0.7571437201715701,569.6818181818181,33.5,238.5,0.75
contig_343,6287,11,0.7,160.8,190.09039954716283,0.7669794814696994,438.3636363636364,0.0,272.5,0.7272727272727273
contig_344,38823,42,0.6585365853658537,297.3658536585366,347.72211754380726,0.6912139710996059,638.9285714285714,14.0,450.0,0.7857142857142857
contig_345,12254,13,0.9166666666666666,277.5,343.08368755548065,0.6518687775420271,614.4615384615385,18.0,398.25,0.8461538461538461
contig_346,11533,20,0.7894736842105263,186.1578947368421,204.63015756491407,0.6881123731899765,396.8,2.5,306.5,0.5
contig_347,13107,15,0.5714285714285714,435.2142857142857,436.68854193012805,0.5088120851453422,444.6,153.25,476.25,0.6
contig_348,16056,25,0.8333333333333334,188.125,270.5528772255065,0.7198555057299452,462.32,13.25,255.0,0.19999999999999996
contig_349,9915,17,0.8125,138.25,279.8969676505982,0.7235501765002521,422.0,9.0,97.5,0.4117647058823529
contig_35,17272,22,0.6190476190476191,285.57142857142856,290.44769571401014,0.6351320055581288,498.6363636363636,117.0,317.0,0.40909090909090906
contig_350,23765,31,0.5333333333333333,178.93333333333334,189.07404781078642,0.7823690300862614,599.7741935483871,40.0,277.5,0.7741935483870968
contig_351,41769,64,0.7619047619047619,135.6984126984127,150.39510238992924,0.7768201297613062,506.984375,19.0,208.5,0.59375
contig_352,10291,15,0.6428571428571429,369.14285714285717,499.77035542663526,0.4693421436206394,322.0,20.0,598.0,0.7333333333333334
contig_353,10064,17,0.9375,165.6875,195.87136044799914,0.7456279809220986,441.4117647058824,15.5,286.75,0.23529411764705888
contig_354,36598,65,0.765625,143.234375,211.41493133967472,0.7558063282146565,425.55384615384617,0.0,196.25,0.8
contig_355,59097,67,0.6363636363636364,253.33333333333334,352.14160088053654,0.726263600521177,640.5970149253732,4.75,308.5,0.8059701492537313
contig_356,7570,8,0.5714285714285714,468.57142857142856,393.9451945722027,0.5129458388375165,485.375,146.0,811.0,0.75
contig_358,13222,26,0.64,107.48,120.32094414523183,0.82143397368023,417.7307692307692,0.0,163.0,0.5
contig_359,6751,11,0.9,274.9,354.99477460943,0.5738409124574138,352.1818181818182,42.0,473.25,0.9090909090909091
contig_36,5344,6,0.4,321.6,311.5860073880084,0.6714071856287425,598.0,77.0,580.0,0.33333333333333337
contig_360,14431,20,0.42105263157894735,108.15789473684211,148.01289529806257,0.8578061118425612,618.95,8.0,144.0,0.75
contig_361,8842,14,0.38461538461538464,287.3076923076923,312.0232695009447,0.5813164442433838,367.14285714285717,71.0,416.0,0.5714285714285714
contig_362,51738,92,0.7802197802197802,185.6813186813187,280.96767164239947,0.6834821601144226,384.3695652173913,0.0,223.0,0.6521739130434783
contig_363,13240,20,0.7368421052631579,187.1578947368421,234.89958955799656,0.7319486404833837,484.55,30.0,275.5,0.65
contig_364,12962,17,0.875,75.375,117.61795940671645,0.8742478012652368,666.5882352941177,0.0,125.0,0.5294117647058824
contig_366,8288,16,0.6,122.06666666666666,121.08920495054691,0.7766650579150579,402.3125,8.5,186.0,0.6875
contig_367,6589,8,0.8571428571428571,146.28571428571428,256.2296482709627,0.6348459553801791,522.875,11.5,92.0,0.0
contig_368,5452,7,0.8333333333333334,94.66666666666667,92.28699198093352,0.8994864269992663,700.5714285714286,44.5,114.75,0.0
contig_369,11893,23,0.7272727272727273,228.95454545454547,346.70690756324154,0.5686538299840243,294.04347826086956,24.25,275.75,0.0
contig_37,12473,12,0.7272727272727273,181.54545454545453,162.17351181337938,0.784815200833801,815.75,38.5,234.0,0.08333333333333337
contig_370,49444,86,0.6941176470588235,149.4,221.7654935233321,0.7567551168999271,435.0813953488372,0.0,231.0,0.7325581395348837
contig_371,10311,6,0.8,662.6,619.5755321185626,0.48676171079429736,836.5,199.0,736.0,0.16666666666666663
contig_372,78065,87,0.6162790697674418,236.8372093023256,317.95300444259436,0.7330045474924742,657.7241379310345,15.5,309.5,0.7241379310344828
contig_373,20497,35,0.6470588235294118,75.82352941176471,86.75810543189316,0.8663706883934235,507.37142857142857,1.25,137.25,0.5714285714285714
contig_374,54624,64,0.8412698412698413,228.5873015873016,272.02921382102267,0.7307044522554189,623.65625,37.5,318.5,0.796875
contig_375,46818,63,0.7096774193548387,121.40322580645162,165.48447541234012,0.8498013584518774,631.5238095238095,0.0,165.0,0.6190476190476191
contig_377,50460,81,0.6375,126.8,185.19809664248712,0.8067181926278241,502.55555555555554,0.0,158.25,0.0
contig_378,8235,9,0.625,282.25,247.7648835085392,0.6950819672131148,636.0,110.25,356.5,0.7777777777777778
contig_379,19873,33,0.8125,159.90625,176.50395876845795,0.7122226135963368,428.90909090909093,26.75,220.75,0.5757575757575757
contig_38,18352,27,0.8076923076923077,154.26923076923077,254.89704674215005,0.7831843940714909,532.3333333333334,0.0,208.75,0.7037037037037037
contig_381,22511,27,0.6923076923076923,221.0,242.3941481903453,0.710852472124739,592.6666666666666,12.75,302.75,0.7037037037037037
contig_382,10988,14,0.46153846153846156,458.6923076923077,315.44361549445415,0.45686203130688025,358.57142857142856,208.0,866.0,0.5714285714285714
contig_383,8398,16,0.5333333333333333,123.73333333333333,127.91114971816265,0.782567277923315,410.75,7.0,206.5,0.25
contig_386,9487,19,0.7777777777777778,126.16666666666667,162.18002685630285,0.7335300938125856,366.2631578947368,3.5,238.5,0.0
contig_387,22981,33,0.84375,116.21875,172.44813248753232,0.8319481310647927,579.3636363636364,0.0,122.5,0.8787878787878788
contig_388,27354,31,0.7333333333333333,271.96666666666664,324.12389435043025,0.7015427359801126,619.0322580645161,16.0,364.5,0.5806451612903225
contig_389,6935,14,0.7692307692307693,44.15384615384615,44.15331010127562,0.9228550829127613,457.14285714285717,9.0,88.0,0.0
contig_39,12592,21,0.9,89.15,122.32999427777311,0.8695997458703939,521.4285714285714,0.0,139.0,0.8095238095238095
contig_390,19588,30,0.7586206896551724,133.72413793103448,207.35824348575636,0.8120277721053706,530.2,0.0,143.0,0.6666666666666667
contig_391,10638,17,0.8125,155.4375,222.15027817617064,0.7798458356833992,488.0,0.0,229.75,0.5294117647058824
contig_392,12522,15,0.5,193.35714285714286,142.8293723007867,0.7882127455678006,658.0,121.75,262.25,0.9333333333333333
contig_393,8758,11,0.9,106.6,96.0418658710877,0.8030372231102991,639.3636363636364,32.75,168.5,0.4545454545454546
contig_394,24801,31,0.8333333333333334,176.3,228.10803726889299,0.784040966090077,627.258064516129,25.25,241.0,0.7096774193548387
contig_395,20024,22,0.7619047619047619,222.0,238.31811473222888,0.750998801438274,683.5454545454545,0.0,376.0,0.7272727272727273
contig_396,11974,17,0.875,110.5625,163.2788905331917,0.8546851511608485,602.0,14.0,133.25,0.0
contig_397,12128,16,0.6,116.26666666666667,191.01045928313863,0.8671668865435356,657.3125,0.0,115.0,0.625
contig_398,30042,45,0.6136363636363636,176.0,258.42574104830123,0.7388655881765528,493.26666666666665,0.0,256.75,0.0
contig_399,65015,87,0.7325581395348837,195.77906976744185,236.7337529683579,0.744197492886257,556.1379310344828,18.75,285.5,0.7931034482758621
contig_40,10166,15,0.6428571428571429,217.28571428571428,253.2969540653332,0.6985048199881959,473.4,21.5,397.25,0.0
contig_400,16387,23,0.6363636363636364,115.95454545454545,148.73755937976102,0.8103374626228108,577.3478260869565,1.0,210.5,0.5652173913043479
contig_401,6441,7,0.6666666666666666,430.8333333333333,321.36708847602233,0.5722713864306784,526.5714285714286,216.5,586.5,0.2857142857142857
contig_402,9637,9,0.75,535.625,451.24686633260956,0.5553595517277161,594.6666666666666,213.25,651.0,0.5555555555555556
contig_403,12822,18,0.8823529411764706,180.52941176470588,189.74165645364127,0.7356106691623772,524.0,52.0,243.0,0.6666666666666667
contig_404,23942,28,0.7407407407407407,232.25925925925927,238.74030406413678,0.7387436304402305,631.6785714285714,14.5,375.5,0.9285714285714286
contig_405,23978,38,0.5945945945945946,208.1081081081081,284.96455766190957,0.6725331553924431,424.36842105263156,8.0,286.0,0.6052631578947368
contig_406,13816,21,0.75,170.55,260.47964891714673,0.7473943254198031,491.7142857142857,0.0,199.0,0.6190476190476191
contig_407,5594,9,0.5,151.375,92.16552704238174,0.7845906328208795,487.6666666666667,120.75,210.25,0.5555555555555556
contig_408,13226,19,0.7777777777777778,237.5,173.3520021997631,0.6035082413428097,420.10526315789474,104.75,338.0,0.7894736842105263
contig_409,13201,16,0.7333333333333333,213.13333333333333,311.16530797775147,0.7155518521324142,590.375,47.5,191.5,0.1875
contig_41,5806,8,0.5714285714285714,268.7142857142857,173.0100858213716,0.5706166035136067,414.125,151.5,411.5,0.875
contig_410,12243,19,0.8888888888888888,136.22222222222223,193.72390306124836,0.8036428979825206,517.8421052631579,0.0,150.75,0.4736842105263158
contig_411,14906,19,0.6111111111111112,150.55555555555554,169.2323262468302,0.7866630886891185,617.1578947368421,4.0,213.25,0.5789473684210527
contig_412,62693,108,0.7383177570093458,142.97196261682242,200.4662536190901,0.772047916035283,448.1666666666667,0.0,192.0,0.5740740740740741
contig_413,11793,15,0.9285714285714286,137.42857142857142,202.49152161641385,0.8514372933095904,669.4,0.0,171.75,0.2666666666666667
contig_415,9998,13,0.5,177.5,227.28268008510165,0.7317463492698539,562.7692307692307,0.0,225.5,0.0
contig_416,9803,10,0.6666666666666666,267.22222222222223,310.834281599189,0.7655819647046822,750.5,0.0,542.0,0.4
contig_417,6353,10,0.6666666666666666,271.6666666666667,331.605857071983,0.5754761529985833,365.6,0.0,297.0,0.9
contig_418,5621,7,0.6666666666666666,265.1666666666667,278.6906389210485,0.5949119373776908,477.7142857142857,20.75,456.75,0.8571428571428572
contig_419,68247,73,0.7638888888888888,180.38888888888889,211.17314877946035,0.799405102055768,747.3561643835617,29.75,267.0,0.7123287671232876
contig_42,10412,19,0.7222222222222222,234.38888888888889,284.24112199345603,0.6061275451402228,332.1578947368421,44.75,291.75,0.0
contig_420,9827,15,0.6428571428571429,237.42857142857142,220.4662961885604,0.6615447237203622,433.4,32.0,391.0,0.6
contig_421,34626,48,0.8297872340425532,131.06382978723406,185.19965123988567,0.8313117310691388,599.6875,0.0,168.0,0.6041666666666667
contig_422,19421,26,0.8,178.08,223.23170384154665,0.7747283867977962,578.6923076923077,20.0,223.0,0.7307692307692308
contig_423,82930,114,0.7168141592920354,186.73451327433628,254.26242515210959,0.7534908959363319,548.1315789473684,0.0,283.0,0.7105263157894737
contig_424,10434,21,0.7,105.45,104.1654813265892,0.7926969522714203,393.85714285714283,29.5,155.5,0.0
contig_425,12763,16,0.4666666666666667,185.4,246.04384433131696,0.8052182088850584,642.3125,12.0,266.5,0.5
contig_426,17423,24,0.7391304347826086,346.8695652173913,449.83922773903834,0.5466911553693394,396.875,32.5,545.5,0.7916666666666666
contig_427,13547,28,0.7037037037037037,115.37037037037037,136.52462758381677,0.7874068059348933,380.9642857142857,0.0,179.5,0.6071428571428572
contig_428,6706,10,0.4444444444444444,171.44444444444446,192.52884985033117,0.7773635550253505,521.3,13.0,321.0,0.8
contig_429,33839,46,0.7333333333333333,134.22222222222223,178.71764060027314,0.8265906202901977,608.0652173913044,6.0,188.0,0.6739130434782609
contig_43,28939,40,0.7692307692307693,240.46153846153845,305.82245948562746,0.6712049483396109,485.6,40.0,342.5,0.725
contig_430,21752,35,0.7352941176470589,263.61764705882354,313.25849265102624,0.5906123574843692,367.0571428571429,37.25,370.25,0.7428571428571429
contig_431,14045,18,0.5882352941176471,231.0,279.2597357300189,0.7499466002135992,585.1666666666666,22.0,267.0,0.6111111111111112
contig_432,9847,11,0.7,237.8,277.00064981873237,0.7587082360109678,679.1818181818181,64.75,301.5,0.9090909090909091
contig_433,12447,13,0.5,181.75,177.13183649474195,0.7825178757933638,749.2307692307693,56.25,234.75,0.7692307692307692
contig_435,14248,17,0.75,341.8125,413.02591001503765,0.5843627175743964,489.7647058823529,4.0,514.0,0.6470588235294117
contig_436,9825,17,0.25,122.75,140.1296274882653,0.8059033078880408,465.7647058823529,9.75,177.5,0.0
contig_437,10398,13,0.6666666666666666,238.16666666666666,239.06862101822472,0.7249471052125409,579.8461538461538,40.25,301.75,0.9230769230769231
contig_439,8135,13,0.75,253.25,392.311552425705,0.6061462814996927,379.3076923076923,12.0,208.75,0.3076923076923077
contig_44,20756,31,0.5666666666666667,163.66666666666666,165.5643547251508,0.7739448834072076,518.1935483870968,17.5,227.75,0.0
contig_440,6330,6,1.0,261.8,358.71403652491773,0.7431279620853081,784.0,3.0,221.0,1.0
contig_441,5670,14,0.9230769230769231,58.84615384615385,82.4890166617501,0.8948853615520282,362.42857142857144,0.0,93.0,0.5
contig_442,10616,14,0.8461538461538461,222.07692307692307,189.18629871452575,0.6865109269027883,520.5714285714286,33.0,314.0,0.7857142857142857
contig_443,19406,27,0.7307692307692307,110.92307692307692,133.38980559505436,0.8355663196949397,600.5555555555555,14.75,129.0,0.5925925925925926
contig_444,10972,20,0.6842105263157895,142.31578947368422,233.97481930003065,0.774425811155669,424.85,0.0,141.5,0.0
contig_445,12639,23,0.8181818181818182,163.0,200.05771894403603,0.7366089089326687,404.7826086956522,12.5,256.5,0.5652173913043479
contig_446,23153,32,0.5483870967741935,211.83870967741936,261.62828800075505,0.7260398220532976,525.3125,0.0,334.0,0.59375
contig_447,6768,8,1.0,262.57142857142856,306.0134717589394,0.6464243498817966,546.875,20.5,434.0,0.75
contig_448,19351,31,0.6333333333333333,96.8,115.7334293394379,0.8712211255232287,543.8387096774194,11.75,136.5,0.6774193548387097
contig_449,9068,19,0.7222222222222222,168.88888888888889,228.13955010253628,0.6837229819144244,326.3157894736842,0.0,239.25,0.631578947368421
contig_45,5666,9,0.75,54.625,74.05561676875023,0.9482880338863395,597.0,0.0,64.25,0.6666666666666667
contig_450,21139,28,0.48148148148148145,222.8148148148148,274.62608074428346,0.721036945929325,544.3571428571429,14.0,294.5,0.6785714285714286
contig_452,11056,14,0.38461538461538464,292.0,403.48138838022106,0.6676013024602026,527.2142857142857,0.0,354.0,0.5
contig_454,7618,14,0.6153846153846154,143.46153846153845,185.75940410385084,0.7519033867156734,409.14285714285717,0.0,302.0,0.0
contig_455,14771,23,0.8636363636363636,232.5909090909091,383.9972370983593,0.5965743686954167,383.1304347826087,17.25,333.75,0.4782608695652174
contig_456,6558,8,1.0,90.57142857142857,42.30115548187828,0.8812137846904544,722.375,72.5,118.5,0.625
contig_457,7991,12,0.5454545454545454,211.36363636363637,200.7075089084397,0.7009135277186835,466.75,31.5,384.0,0.16666666666666663
contig_458,32957,46,0.7777777777777778,214.17777777777778,250.9320659628718,0.7096216281821768,508.4130434782609,33.0,331.0,0.7173913043478262
contig_459,94967,116,0.8,233.2173913043478,310.7204190715141,0.7117314435540767,582.6810344827586,18.5,305.0,0.7327586206896552
contig_46,134125,165,0.7621951219512195,215.65853658536585,413.0206313724797,0.7401081081081081,601.6181818181818,23.25,267.25,0.6909090909090909
contig_460,7171,10,0.6666666666666666,175.33333333333334,189.5356899841763,0.7482917305815089,536.6,0.0,282.0,0.7
contig_461,35942,38,0.8918918918918919,226.48648648648648,283.9801688566852,0.769434088253297,727.7631578947369,66.0,302.0,0.8157894736842105
contig_462,6118,10,0.8888888888888888,163.66666666666666,341.98830389356885,0.7643020594965675,467.6,0.0,59.0,0.5
contig_463,7738,12,0.6363636363636364,118.81818181818181,134.27909752846065,0.8362626001550788,539.25,1.5,224.0,0.75
contig_464,18093,28,0.7777777777777778,179.0,268.63399305043697,0.7417785884043553,479.32142857142856,0.0,216.0,0.4285714285714286
contig_465,13697,18,0.47058823529411764,217.7058823529412,276.2430227398635,0.7376797838942835,561.3333333333334,23.0,234.0,0.0
contig_466,24314,34,0.6060606060606061,279.0,326.48402438988984,0.6044254339063914,432.2352941176471,37.0,388.0,0.6470588235294117
contig_467,5051,11,0.6,85.7,92.53545266545143,0.8477529202138191,389.27272727272725,5.25,173.75,0.8181818181818181
contig_468,5411,9,0.75,180.375,169.94847564776802,0.7329513953058584,440.6666666666667,31.25,368.0,0.0
contig_469,10793,21,0.9,135.0,199.43846168680705,0.6898915964050774,354.57142857142856,0.0,180.0,0.2857142857142857
contig_470,121153,162,0.7888198757763976,181.14285714285714,276.38327104058123,0.7608395995146633,569.0,12.0,230.0,0.7777777777777778
contig_471,16026,24,0.9130434782608695,250.7391304347826,324.3929738947614,0.5760014975664545,384.625,20.5,385.0,0.625
contig_473,39557,66,0.7230769230769231,209.24615384615385,525.1437321422432,0.6642060823621609,398.09090909090907,0.0,213.0,0.7424242424242424
contig_474,43831,54,0.6226415094339622,266.45283018867923,396.82135926791454,0.6777394994410348,550.1111111111111,24.0,352.0,0.7222222222222222
contig_475,11553,17,0.6875,156.1875,173.27334573947027,0.7866355059291958,534.5882352941177,0.75,300.0,0.3529411764705882
contig_476,23702,26,0.72,198.32,397.25253630404933,0.7542823390431187,687.6153846153846,0.0,255.0,0.6153846153846154
contig_477,6535,12,1.0,72.45454545454545,91.85399841483978,0.797398622800306,434.25,0.0,107.0,0.16666666666666663
contig_478,8548,12,0.6363636363636364,135.45454545454547,153.89510219412065,0.6913897987833412,492.5,0.0,221.5,0.5833333333333333
contig_48,7297,9,0.875,136.375,285.66717412926533,0.8387008359599836,680.0,0.0,73.0,0.2222222222222222
contig_481,32116,54,0.8867924528301887,130.75471698113208,141.96490473304766,0.8010026155187445,476.3888888888889,11.0,200.0,0.6666666666666667
contig_482,14856,25,0.625,139.70833333333334,125.81814891827896,0.7778002154011847,462.2,39.25,242.75,0.76
contig_483,5982,9,0.75,175.5,194.05733688783837,0.765295887662989,508.6666666666667,29.75,257.25,0.7777777777777778
contig_484,18218,18,0.8235294117647058,455.0,561.9546768410504,0.5460533538258865,552.6666666666666,53.0,715.0,0.8888888888888888
contig_485,56957,72,0.6056338028169014,226.14084507042253,313.3844013022466,0.7197008269396211,569.3333333333334,20.5,320.5,0.5416666666666667
contig_487,25620,33,0.8125,193.46875,279.4899354600045,0.7584309133489462,588.8181818181819,10.0,259.25,0.7272727272727273
contig_488,27791,34,0.696969696969697,250.93939393939394,258.29920862323655,0.7053002770681156,576.5,23.0,425.0,0.6470588235294117
contig_489,28717,41,0.875,122.125,171.589799740544,0.8443430720479159,591.390243902439,0.0,200.75,0.8048780487804879
contig_49,8151,12,0.7272727272727273,215.45454545454547,287.6093827134181,0.6172248803827751,419.25,20.0,312.0,0.33333333333333337
contig_490,14459,21,0.7,198.15,281.39283484125895,0.7174770039421814,494.0,4.0,309.0,0.7142857142857143
contig_491,6496,11,0.7,183.0,251.1083431509196,0.6781096059113301,400.45454545454544,13.0,220.5,0.8181818181818181
contig_492,53751,68,0.6567164179104478,225.3134328358209,300.75488154771955,0.7255865007162657,573.5441176470588,17.5,347.0,0.7205882352941176
contig_493,27141,26,0.88,396.16,552.0119332043466,0.6371541210714418,665.1153846153846,70.0,418.0,0.5
contig_494,43640,61,0.8166666666666667,194.21666666666667,237.11903421886842,0.7365719523373052,526.9508196721312,37.75,282.25,0.7377049180327868
contig_495,14754,25,0.6666666666666666,120.58333333333333,168.40771871331262,0.7968008675613393,470.24,0.0,162.0,0.8
contig_496,14112,20,0.9473684210526315,235.47368421052633,277.0681786551258,0.683531746031746,482.3,67.0,332.0,0.65
contig_498,22570,30,0.6551724137931034,176.75862068965517,296.81012799575444,0.7726628267611875,581.3,17.0,211.0,0.7
contig_499,31207,46,0.6,188.86666666666667,202.8838310188589,0.7363412054987662,499.54347826086956,19.0,275.0,0.6304347826086957
contig_50,15824,16,0.8666666666666667,422.3333333333333,424.6970161839563,0.5990267947421638,592.4375,123.5,517.0,0.5
contig_500,12706,23,0.9090909090909091,164.4090909090909,245.8189760947362,0.6706280497402802,370.4782608695652,11.75,175.75,0.5217391304347826
contig_501,13317,22,0.6666666666666666,137.04761904761904,152.21960207619722,0.7994293008935947,483.90909090909093,0.0,156.0,0.0
contig_502,25099,40,0.8205128205128205,125.12820512820512,208.1079822625596,0.8219450974142396,515.75,0.0,141.5,0.675
contig_503,15795,25,0.5833333333333334,195.45833333333334,206.72445008728135,0.6806584362139918,430.04,30.0,287.0,0.8
contig_504,6593,13,0.75,212.75,198.40494155472373,0.6205065979068709,314.6923076923077,34.75,339.5,0.3076923076923077
contig_505,21345,31,0.6666666666666666,168.86666666666667,248.01515186688806,0.7673459826657297,528.3548387096774,8.5,193.75,0.4516129032258065
contig_506,11587,13,0.9166666666666666,390.5,264.42941717340506,0.49287995166997495,439.3076923076923,220.0,548.0,0.8461538461538461
contig_507,22096,31,0.4666666666666667,185.16666666666666,226.93979867405852,0.7572863866763215,539.7741935483871,58.75,246.0,0.6774193548387097
contig_508,21939,34,1.0,192.12121212121212,277.0697054375632,0.7132047951137244,460.20588235294116,0.0,246.0,0.08823529411764708
contig_509,16896,19,0.5555555555555556,361.6666666666667,467.4423315590206,0.6093158143939394,541.8421052631579,14.25,374.75,0.4736842105263158
contig_51,30153,41,0.6,215.325,220.95727952479862,0.7247371737472225,533.0,53.5,394.25,0.0
contig_510,9316,13,0.5,190.5,199.85598981933632,0.7698583082868183,551.6923076923077,0.0,348.75,0.5384615384615384
contig_511,34742,44,0.6744186046511628,205.7906976744186,245.00854832163722,0.7425594381440331,586.3181818181819,24.0,296.0,0.6818181818181819
contig_512,12487,22,0.7619047619047619,85.42857142857143,91.67103267277247,0.8602546648514455,488.27272727272725,0.0,163.0,0.6818181818181819
contig_513,6775,10,0.5555555555555556,206.22222222222223,212.6216137115038,0.7278228782287823,493.1,34.0,261.0,0.19999999999999996
contig_514,19499,27,0.6923076923076923,196.15384615384616,269.1781926685072,0.7297297297297297,527.0,1.0,311.25,0.7037037037037037
contig_515,32060,38,0.5945945945945946,216.13513513513513,279.6014694855792,0.751528384279476,634.0526315789474,23.0,268.0,0.7631578947368421
contig_516,27241,43,0.8333333333333334,183.54761904761904,356.94638802333117,0.6836386329429903,433.09302325581393,0.0,191.0,0.5348837209302326
contig_517,9888,20,0.631578947368421,159.10526315789474,220.40104468585204,0.7227953074433657,357.35,0.0,178.5,0.6
contig_518,7739,16,0.6666666666666666,181.2,241.51527211890073,0.6526683033983719,315.6875,40.0,196.5,0.8125
contig_519,15009,20,0.47368421052631576,248.3684210526316,264.69788349944525,0.6956492771004065,522.05,43.5,300.5,0.65
contig_52,7676,12,0.7272727272727273,136.36363636363637,124.98092416428469,0.767196456487754,490.75,5.5,241.0,0.16666666666666663
contig_520,13131,18,0.5294117647058824,119.0,128.20158758308546,0.8215672835275303,599.3333333333334,13.0,172.0,0.0
contig_521,9633,16,0.4666666666666667,166.86666666666667,242.64181191395866,0.7439011730509706,447.875,11.5,148.0,0.6875
contig_522,9357,15,0.7857142857142857,170.0,173.22899790244622,0.753767233087528,470.2,15.25,322.75,0.6
contig_523,76353,102,0.7029702970297029,223.73267326732673,312.10378100974106,0.7087344308671565,530.5294117647059,21.0,298.0,0.7450980392156863
contig_524,11884,27,0.6153846153846154,107.1923076923077,106.05115573691828,0.7896331201615617,347.55555555555554,14.0,175.25,0.6296296296296297
contig_525,5587,6,0.8,265.6,505.83341131245965,0.7678539466618937,715.0,0.0,29.0,0.5
contig_526,19231,24,0.5652173913043478,195.69565217391303,229.66865258693105,0.776402683167802,622.125,13.0,257.5,0.75
contig_527,34486,42,0.7804878048780488,207.90243902439025,224.600111295723,0.7447369947224961,611.5,23.0,313.0,0.6428571428571428
contig_528,5324,6,0.6,289.2,295.45314349317727,0.694778362133734,616.5,59.0,254.0,0.8333333333333334
contig_529,9443,14,0.6923076923076923,193.46153846153845,220.24064299852188,0.7104733665148788,479.2142857142857,0.0,268.0,0.6428571428571428
contig_530,6578,9,0.875,138.375,157.11853606433584,0.739738522347218,540.6666666666666,0.0,266.75,0.5555555555555556
contig_531,6800,9,0.625,182.125,208.07296646849633,0.6864705882352942,518.6666666666666,0.0,385.5,0.5555555555555556
contig_532,16167,31,0.7333333333333333,166.8,281.32808841872395,0.6987690975443805,364.4193548387097,0.0,138.25,0.7419354838709677
contig_533,15885,25,0.7083333333333334,133.375,185.48872663408235,0.8023921938936103,509.84,10.5,166.0,0.0
contig_534,28153,49,0.8125,123.97916666666667,176.04763673308867,0.7974638582033886,458.18367346938777,2.75,175.25,0.653061224489796
contig_535,22002,43,0.7142857142857143,171.21428571428572,221.59696745757725,0.6833469684574129,349.6511627906977,0.25,242.5,0.0
contig_536,10368,19,0.9444444444444444,88.83333333333333,132.04555190455216,0.8196373456790124,447.2631578947368,0.0,115.25,0.736842105263158
contig_537,12099,23,0.7272727272727273,94.27272727272727,108.6600963046031,0.8131250516571618,427.7391304347826,0.0,164.0,0.9130434782608696
contig_538,6740,14,0.9230769230769231,123.76923076923077,165.2872342998249,0.7537091988130564,362.85714285714283,23.0,142.0,0.4285714285714286
contig_539,7366,13,0.5833333333333334,205.83333333333334,258.6164577559251,0.6702416508281293,379.7692307692308,41.0,302.25,0.7692307692307692
contig_54,45466,63,0.6935483870967742,175.30645161290323,311.74061740335003,0.7698939867153477,555.6190476190476,5.25,187.5,0.6349206349206349
contig_540,8905,19,0.8333333333333334,129.61111111111111,168.18116517906415,0.7494665918023582,351.2631578947368,12.75,177.5,0.368421052631579
contig_541,12036,17,0.8125,283.8125,299.73868176087984,0.5499335327351279,389.3529411764706,57.75,590.25,0.5882352941176471
contig_542,5002,10,0.7777777777777778,171.11111111111111,134.1338008974989,0.6919232307077169,346.1,99.0,212.0,0.8
contig_543,9647,14,0.9230769230769231,112.53846153846153,169.21339071608114,0.8565357105836011,590.2142857142857,0.0,160.0,0.5714285714285714
contig_544,6619,15,0.6428571428571429,86.92857142857143,136.62172191111918,0.8480132950596767,374.2,4.25,110.75,0.8666666666666667
contig_545,8232,15,0.7857142857142857,52.5,85.73526528964446,0.9223760932944607,506.2,0.0,51.0,0.7333333333333334
contig_546,10424,14,0.8461538461538461,176.69230769230768,191.0273378000705,0.7854950115118956,584.8571428571429,39.0,238.0,0.4285714285714286
contig_547,6084,9,0.625,177.625,281.59498286546227,0.769723865877712,520.3333333333334,18.0,131.5,0.8888888888888888
contig_55,33053,49,0.6458333333333334,119.8125,159.24779645911377,0.8203793906755816,553.3877551020408,0.0,202.75,0.6326530612244898
contig_550,101321,129,0.8125,250.0546875,286.0244009639341,0.6839944335330287,537.2325581395348,36.5,341.25,0.7054263565891472
contig_551,16180,17,0.8125,185.6875,307.96727073465127,0.7435723114956737,707.7058823529412,0.0,233.5,0.5294117647058824
contig_552,11410,16,0.6666666666666666,238.0,269.8404466840853,0.6369851007887818,454.25,25.0,391.5,0.0
contig_553,36042,44,0.6976744186046512,266.4186046511628,262.43911653262575,0.6860607069529993,561.9772727272727,36.5,398.0,0.75
contig_554,14305,18,0.5882352941176471,234.05882352941177,283.7899949710609,0.6868227892345333,545.8333333333334,21.0,277.0,0.11111111111111116
contig_555,11376,21,0.6,119.35,161.1797986721661,0.8256856540084389,447.2857142857143,0.0,168.5,0.6666666666666667
contig_556,10038,21,0.9,123.75,115.98141014835093,0.7630005977286312,364.7142857142857,32.75,167.5,0.19047619047619047
contig_557,6974,11,0.6,243.3,270.3938054024167,0.6690564955549183,424.1818181818182,9.0,481.5,0.0
contig_558,5313,8,0.8571428571428571,170.85714285714286,320.84194086872145,0.7415772633163937,492.5,23.5,73.5,0.0
contig_559,9905,19,0.5555555555555556,125.94444444444444,116.30729040979818,0.7477031802120141,389.7894736842105,38.0,203.25,0.1578947368421053
contig_56,25261,39,0.6842105263157895,192.21052631578948,200.50989710377166,0.6966470052650331,451.2307692307692,17.0,329.25,0.0
contig_560,6228,14,0.8461538461538461,164.15384615384616,130.3532751079195,0.5892742453436095,262.14285714285717,69.0,257.0,0.6428571428571428
contig_561,8687,10,0.4444444444444444,389.3333333333333,409.86420515417865,0.5465638310118568,474.8,140.0,484.0,0.7
contig_562,12512,16,0.8,228.33333333333334,218.20133414400155,0.626678388746803,490.0625,101.5,353.5,0.875
contig_563,13369,18,0.5882352941176471,217.52941176470588,263.86162096315,0.6622036053556736,491.8333333333333,2.0,328.0,0.2777777777777778
contig_564,37060,59,0.7931034482758621,179.18965517241378,305.1044737347923,0.7220183486238532,453.52542372881356,7.25,193.5,0.711864406779661
contig_565,7404,17,0.8125,125.25,160.82540999481395,0.7448676391139925,324.4117647058824,8.25,146.25,0.4117647058823529
contig_566,17920,30,0.7586206896551724,109.27586206896552,152.94396011154433,0.8392299107142858,501.3,0.0,166.0,0.6333333333333333
contig_567,6473,13,0.5,152.25,159.00740286749755,0.7279468561717906,362.46153846153845,20.25,254.0,0.6153846153846154
contig_569,5013,11,0.9,60.3,77.28266299759603,0.8296429283861959,378.09090909090907,0.0,123.75,0.18181818181818177
contig_57,9860,19,0.5,102.88888888888889,150.29078809978446,0.8031440162271806,416.7894736842105,0.0,122.75,0.0
contig_570,11651,17,0.875,306.1875,316.73771064360176,0.5585786627757274,382.8235294117647,50.0,433.0,0.8823529411764706
contig_571,14319,26,0.56,86.84,99.38759681167463,0.8406313290034221,462.96153846153845,17.0,115.0,0.0
contig_572,7829,14,0.8461538461538461,175.46153846153845,251.39537214534136,0.7235917741729467,404.64285714285717,0.0,328.0,0.5714285714285714
contig_573,12819,21,0.95,205.8,339.08341156712464,0.684296747016148,417.7142857142857,13.0,261.25,0.19047619047619047
contig_574,13298,19,0.8333333333333334,192.66666666666666,191.7507062133888,0.7295081967213115,510.57894736842104,76.75,257.0,0.6842105263157895
contig_575,10303,15,0.7142857142857143,253.92857142857142,412.3004217255932,0.6860137823934777,471.2,0.0,233.5,0.2666666666666667
contig_576,5361,7,1.0,312.8333333333333,424.7569566495907,0.5605297519119568,429.2857142857143,4.75,389.0,0.1428571428571429
contig_577,8415,11,0.6,302.5,239.7470542050517,0.6418300653594772,491.0,137.0,417.25,0.4545454545454546
contig_578,19723,24,0.8260869565217391,241.08695652173913,282.7638303300321,0.6989301830350353,574.375,29.5,333.5,0.7916666666666666
contig_579,8928,16,0.8,132.86666666666667,146.62599436055743,0.7871863799283154,439.25,0.0,188.5,0.8125
contig_58,6545,14,0.7692307692307693,113.92307692307692,112.50535818929593,0.773414820473644,361.57142857142856,54.0,141.0,0.6428571428571428
contig_581,8290,11,0.9,116.1,171.5036151222475,0.8639324487334138,651.0909090909091,15.75,134.25,0.7272727272727273
contig_582,14126,28,0.7037037037037037,100.81481481481481,135.92537087382888,0.8269149086790316,417.17857142857144,0.0,157.5,0.6428571428571428
contig_583,6408,7,0.6666666666666666,392.6666666666667,774.1549514721771,0.5583645443196005,511.14285714285717,8.0,138.25,0.0
contig_585,10058,17,0.8125,102.6875,110.66431151798669,0.7854444223503678,464.70588235294116,0.0,171.0,0.17647058823529416
contig_586,8673,14,0.6153846153846154,172.76923076923077,144.07858637998373,0.6248126369191744,387.07142857142856,72.0,228.0,0.9285714285714286
contig_587,16864,18,0.5294117647058824,343.11764705882354,421.9562121627065,0.6347248576850095,594.6666666666666,11.0,521.0,0.8888888888888888
contig_588,6455,9,0.75,69.625,85.29938085941774,0.89140201394268,639.3333333333334,6.75,114.25,0.6666666666666667
contig_589,7394,13,1.0,149.91666666666666,202.08020616137105,0.7658912631863674,435.61538461538464,0.0,334.75,0.5384615384615384
contig_59,6111,11,0.8,124.9,177.3986753050879,0.8023236786123384,445.72727272727275,0.0,132.0,0.7272727272727273
contig_591,27669,29,0.75,180.10714285714286,225.61635251108942,0.8197260472008385,782.1034482758621,0.0,233.25,0.6551724137931034
contig_592,5947,8,0.7142857142857143,63.142857142857146,77.74762940148736,0.9419875567513032,700.25,0.0,118.5,0.75
contig_593,10322,19,0.6111111111111112,104.05555555555556,145.9948523530205,0.826777756248789,449.1578947368421,8.5,126.25,0.6842105263157895
contig_594,35264,67,0.8333333333333334,184.34848484848484,277.5484938476487,0.6669407894736842,351.02985074626866,1.25,242.75,0.6567164179104478
contig_595,5715,7,0.8333333333333334,167.66666666666666,47.390810173375264,0.8234470691163605,672.2857142857143,145.0,191.5,0.5714285714285714
contig_596,18310,38,0.7297297297297297,121.32432432432432,171.78758946679977,0.7555434188967777,364.05263157894734,0.0,129.0,0.0
contig_597,6145,8,0.8571428571428571,273.42857142857144,316.2444159384398,0.6812042310821806,523.25,104.0,219.5,0.75
contig_598,10671,20,0.7894736842105263,94.42105263157895,116.03688877588327,0.819885671445975,437.45,9.0,145.5,0.35
contig_599,11344,11,0.9,387.8,343.6651859004633,0.6580571227080395,678.6363636363636,150.25,431.75,0.5454545454545454
contig_60,8541,8,1.0,432.57142857142856,319.6394652653236,0.5519260039807985,589.25,150.0,748.0,1.0
contig_600,13623,19,0.8888888888888888,318.5,530.7633130166821,0.5830580635689643,418.05263157894734,11.25,234.5,0.736842105263158
contig_601,7327,12,0.9090909090909091,251.72727272727272,370.2004594341953,0.5756789954961102,351.5,33.5,336.0,0.0
contig_602,23315,35,0.8823529411764706,130.52941176470588,181.88170610949592,0.8181428265065408,545.0,0.0,225.5,0.6571428571428571
contig_603,11699,23,0.5909090909090909,116.9090909090909,225.81788903509053,0.808616121035986,411.30434782608694,0.0,73.25,0.7391304347826086
contig_604,9390,10,0.6666666666666666,457.22222222222223,403.69013908573703,0.545580404685836,512.3,168.0,797.0,0.7
contig_605,6622,13,0.9166666666666666,81.58333333333333,137.15530025809753,0.8298097251585623,422.6923076923077,6.75,87.75,0.6153846153846154
contig_606,18901,29,0.6785714285714286,107.53571428571429,148.5622722109816,0.8460398920692027,551.4137931034483,11.5,168.5,0.7586206896551724
contig_607,13385,25,0.875,247.125,355.0208107163109,0.5739260366081435,307.28,0.0,297.0,0.6799999999999999
contig_61,43867,63,0.8225806451612904,153.7741935483871,154.38216295042915,0.7652677411265871,532.8571428571429,15.75,232.75,0.6666666666666667
contig_610,7304,11,0.8,67.6,96.15009100359708,0.9062157721796276,601.7272727272727,1.75,113.0,0.8181818181818181
contig_611,15383,18,0.8235294117647058,349.94117647058823,346.82551479996823,0.6152896054085679,525.8333333333334,38.0,537.0,0.5555555555555556
contig_612,12227,19,0.6111111111111112,105.88888888888889,111.31730867154731,0.8535208963768709,549.2631578947369,6.5,188.5,0.736842105263158
contig_613,16071,17,0.9375,175.6875,168.6548690188042,0.7926700267562691,749.3529411764706,10.5,257.0,0.5882352941176471
contig_614,7641,13,0.6666666666666666,101.66666666666667,179.9811718547866,0.8679492213061117,510.15384615384613,0.0,93.25,0.7692307692307692
contig_615,9675,14,0.6923076923076923,147.30769230769232,172.3901588371718,0.747390180878553,516.5,45.0,154.0,0.6428571428571428
contig_617,7808,14,0.5384615384615384,159.69230769230768,144.13048821514514,0.740906762295082,413.2142857142857,18.0,261.0,0.5714285714285714
contig_618,7265,21,0.85,43.0,85.78111680317528,0.9138334480385409,316.14285714285717,0.0,46.5,0.0
contig_619,6809,11,1.0,175.1,216.29768838339442,0.7064179762079601,437.27272727272725,12.5,209.75,0.6363636363636364
contig_62,12223,17,0.75,235.25,205.0827576857694,0.66325779268592,476.88235294117646,66.75,332.25,0.7647058823529411
contig_620,6417,10,0.7777777777777778,127.22222222222223,131.57235253128707,0.8091008259311204,519.2,0.0,229.0,0.6
contig_621,16080,19,0.8333333333333334,217.88888888888889,277.4058176288323,0.7622512437810945,645.1052631578947,28.75,266.0,0.7894736842105263
contig_622,51581,75,0.7567567567567568,228.01351351351352,369.5663087649383,0.6818208254977608,468.92,7.75,261.25,0.6666666666666667
contig_623,9018,10,0.5555555555555556,171.44444444444446,178.05624024829353,0.8285650920381459,747.2,34.0,262.0,0.8
contig_624,8012,14,0.9230769230769231,163.3846153846154,198.67079010321746,0.7426360459311033,425.0,20.0,293.0,0.4285714285714286
contig_625,7895,11,0.6,44.1,51.60319757534411,0.8125395820139328,583.1818181818181,3.75,61.0,0.2727272727272727
contig_626,8998,15,0.5,148.92857142857142,188.98354587700194,0.784507668370749,470.6,56.75,142.75,0.8666666666666667
contig_627,13641,13,0.5,372.1666666666667,386.76798241610203,0.6680595264276813,701.0,0.0,476.5,0.46153846153846156
contig_628,8122,11,0.6,171.8,153.60065104028695,0.8023885742427973,592.4545454545455,14.25,272.0,0.7272727272727273
contig_629,22883,40,0.8717948717948718,110.74358974358974,132.58721714862375,0.804789581785605,460.4,10.5,134.5,0.65
contig_63,58383,75,0.6216216216216216,220.36486486486487,272.12643992464757,0.7332613945840398,570.8,0.5,324.75,0.7866666666666666
contig_630,9810,17,0.6875,188.75,199.76439247273274,0.6918450560652396,399.2352941176471,32.5,268.0,0.0
contig_631,12125,25,0.625,59.041666666666664,77.2342104503496,0.912659793814433,442.64,0.0,79.75,0.0
contig_632,8957,10,1.0,116.0,106.51447475969327,0.7987049235235012,715.4,35.0,122.0,0.0
contig_633,8237,8,0.7142857142857143,163.0,171.41511851975852,0.8636639553235401,889.25,31.5,228.0,0.625
contig_634,33357,46,0.7777777777777778,199.06666666666666,231.31492722164637,0.7412237311508829,537.5,41.0,277.0,0.6956521739130435
contig_635,8666,11,0.6,360.2,341.61814940076005,0.5896607431340872,464.54545454545456,145.0,463.0,0.9090909090909091
contig_636,17116,20,0.8421052631578947,101.94736842105263,122.1989205242228,0.8776583313858378,751.1,19.5,137.0,0.7
contig_637,8243,12,0.6363636363636364,138.0,217.63104725032395,0.8418051680213514,578.25,0.0,127.0,0.0
contig_638,7800,12,0.5454545454545454,163.0909090909091,130.70539708231746,0.7492307692307693,487.0,52.0,229.0,0.75
contig_639,18314,18,0.7647058823529411,325.7647058823529,421.0342349377534,0.5766080594081031,586.6666666666666,19.0,499.0,0.7777777777777778
contig_64,22360,27,0.8846153846153846,295.3076923076923,308.05990541685844,0.6531305903398926,540.8888888888889,74.5,452.25,0.6296296296296297
contig_640,17093,26,0.88,188.72,190.07104356003308,0.6785818756215994,446.11538461538464,25.0,256.0,0.7692307692307692
contig_641,57823,89,0.7954545454545454,177.1590909090909,254.9466025359587,0.7418328346851599,481.96629213483146,0.0,266.75,0.0
contig_643,17874,19,0.7222222222222222,297.8333333333333,426.7859533770998,0.7015217634552982,659.9473684210526,0.0,350.5,0.736842105263158
contig_644,54837,76,0.7066666666666667,182.78666666666666,208.77562394962578,0.7520469755821799,542.6315789473684,25.5,282.5,0.6973684210526316
contig_645,52883,73,0.7638888888888888,166.38888888888889,235.78883888600384,0.7779626723143543,563.5753424657535,0.0,255.25,0.6164383561643836
contig_646,26635,37,0.7222222222222222,193.38888888888889,238.277065359936,0.7433452224516613,535.1081081081081,32.5,254.75,0.1351351351351351
contig_647,17969,26,0.88,197.16,251.01357413494594,0.7358228059435695,508.53846153846155,13.0,336.0,0.7307692307692308
contig_648,17133,27,0.8076923076923077,188.1153846153846,236.242106408313,0.723340921029592,459.0,0.0,281.5,0.5925925925925926
contig_649,54536,61,0.7166666666666667,275.26666666666665,409.3570921443635,0.702123368050462,627.7213114754098,9.25,404.5,0.8524590163934427
contig_65,9993,22,0.7619047619047619,69.80952380952381,113.01774788885365,0.866906834784349,393.77272727272725,0.0,64.0,0.0
contig_650,17189,25,0.5833333333333334,179.91666666666666,261.8122604505416,0.7256384897318052,498.92,1.5,256.0,0.72
contig_651,82004,110,0.6697247706422018,200.93577981651376,194.59010201542506,0.7265255353397395,541.6181818181818,51.0,281.0,0.8
contig_653,20702,36,0.8857142857142857,215.0857142857143,245.23206169184454,0.6067529707274659,348.9166666666667,14.0,327.0,0.2222222222222222
contig_66,55159,65,0.71875,262.8125,451.0306210156357,0.6955347268804728,590.2307692307693,16.5,276.5,0.8
contig_67,10367,14,0.6923076923076923,285.61538461538464,259.6081480472914,0.645992090286486,478.35714285714283,16.0,437.0,0.6428571428571428
contig_68,5510,12,1.0,47.45454545454545,56.1578354224844,0.8215970961887478,377.25,0.0,84.0,0.5833333333333333
contig_69,13594,19,0.6666666666666666,140.33333333333334,140.74168615666866,0.8239664557893188,589.5263157894736,6.5,228.0,0.631578947368421
contig_70,32128,42,0.8292682926829268,132.5121951219512,165.66924467675588,0.8289965139442231,634.1428571428571,12.0,199.0,0.7380952380952381
contig_72,76900,99,0.7755102040816326,208.71428571428572,381.9117592281425,0.7321716514954486,568.7272727272727,7.25,248.0,0.6868686868686869
contig_73,21884,27,0.6923076923076923,218.03846153846155,212.92640129130044,0.743968195942241,603.0,33.0,358.25,0.6666666666666667
contig_74,104015,133,0.7196969696969697,196.1818181818182,258.75933062321246,0.7579003028409365,592.7293233082706,3.0,304.75,0.7067669172932332
contig_75,9298,14,0.8461538461538461,125.15384615384616,191.32045053495824,0.801247580124758,532.1428571428571,0.0,122.0,0.7142857142857143
contig_76,31935,43,0.7619047619047619,153.76190476190476,190.24418012796698,0.8068263660560514,599.2093023255813,0.0,263.5,0.6511627906976745
contig_77,8827,14,0.7692307692307693,272.3076923076923,447.8412123501922,0.6125523960575507,386.2142857142857,0.0,394.0,0.2857142857142857
contig_78,34675,55,0.7777777777777778,177.09259259259258,199.48928018340553,0.74056236481615,466.8909090909091,27.75,254.75,0.4545454545454546
contig_81,12466,24,0.6521739130434783,114.52173913043478,146.61273139011865,0.8033049895716349,417.25,0.0,156.0,0.0
contig_82,15020,26,0.64,132.32,157.13222966660913,0.7776298268974701,449.2307692307692,19.0,163.0,0.0
contig_83,39955,53,0.75,217.30769230769232,330.10030750932583,0.7232386434739081,545.2264150943396,0.0,287.5,0.6603773584905661
contig_84,106514,120,0.6722689075630253,268.11764705882354,324.903558450232,0.7057663781286967,626.45,48.5,395.5,0.825
contig_85,5019,5,0.75,351.75,285.8569353715246,0.5417413827455668,543.8,193.0,386.25,0.6
contig_86,29341,45,0.75,163.25,198.20537156742705,0.7537575406427865,491.46666666666664,27.75,210.0,0.6666666666666667
contig_88,22946,30,0.7241379310344828,264.7586206896552,273.30059933724533,0.6705743920509021,512.9,54.0,422.0,0.0
contig_89,5883,13,1.0,66.58333333333333,102.60641494998687,0.8830528641849397,399.61538461538464,0.0,72.75,0.9230769230769231
contig_90,15878,24,0.4782608695652174,143.6086956521739,186.08687525394407,0.7754125204685729,513.0,9.5,144.5,0.5833333333333333
contig_91,5575,6,0.2,392.6,362.48895155576815,0.6640358744394619,617.0,106.0,558.0,0.33333333333333337
contig_92,10937,24,0.782608695652174,114.8695652173913,168.21267706655738,0.7831215141263601,356.875,0.0,180.0,0.0
contig_93,15591,22,0.8095238095238095,217.23809523809524,288.23005110202627,0.691873516772497,490.3181818181818,12.0,324.0,0.5454545454545454
contig_94,35066,45,0.7045454545454546,264.25,365.72773809090677,0.649945816460389,506.46666666666664,28.0,319.25,0.0
contig_95,24508,32,0.6774193548387096,177.3548387096774,240.44723764162924,0.690672433491105,528.96875,0.0,284.5,0.6875
contig_96,8047,8,0.7142857142857143,91.42857142857143,79.31466652852177,0.9030694668820679,908.375,31.0,128.5,0.0
contig_97,5237,6,0.4,159.2,108.73711417910629,0.8478136337597861,740.0,36.0,244.0,0.16666666666666663
contig_98,96151,126,0.728,198.584,215.5277498235436,0.7434244053623987,567.3095238095239,31.0,316.0,0.746031746031746
